Inventory_ID,Product_ID,Product,Opening_stock,Purchases,Sales,Closing_Stock,Reorder,Status,Inventory_value
INV001,P001,Laptop,50,25,5,70,20,Normal,3150000
INV002,P002,Desktop Computer,40,30,8,62,25,Normal,2232000
INV003,P003,Mobile Phone,60,40,20,80,30,Normal,1440000
INV004,P004,Tablet,45,35,25,55,20,Normal,770000
INV005,P005,Monitor,35,30,6,59,20,Normal,531000
INV006,P006,printer,25,20,4,41,15,Normal,287000
INV007,P007,Scanner,20,15,12,23,15,Normal,161000
INV008,P008,Projector,18,12,10,20,10,Normal,216000
INV009,P009,Keyboard,80,50,20,110,40,Normal,56000
INV010,P010,Mouse,100,80,25,155,50,Normal,62000
INV011,P011,Wireless Mouse,70,40,30,80,40,Normal,40000
INV012,P012,Gaming Mouse,45,35,20,60,30,Normal,36000
INV013,P013,Mechanical Keyboard,50,40,15,75,30,Normal,112500
INV014,P014,Webcam,35,30,12,53,20,Normal,54000
INV015,P015,Headphone,60,50,10,100,30,Normal,72000
INV016,P016,Earphone,80,60,20,120,40,Normal,48000
INV017,P017,Bluetooth Speaker,45,25,8,62,25,Normal,155000
INV018,P018,Route,50,30,10,70,25,Normal,90000
INV019,P019,Wi-Fi Extender,40,25,6,59,20,Normal,147500
INV020,P020,Network Switch,30,20,7,43,15,Normal,129000
INV021,P021,USB Cable,120,100,30,190,50,Normal,57000
INV022,P022,HDMI Cable,100,80,25,155,40,Normal,60000
INV023,P023,Ethernet Cable,150,100,40,210,60,Normal,147000
INV024,P024,Pen Drive,90,60,15,135,40,Normal,108000
INV025,P025,External Hard Disk,40,25,6,59,20,Normal,265500
INV026,P026,SSD 500GB,35,30,8,57,20,Normal,199500
INV027,P027,SSD 1TB,30,25,5,50,15,Normal,300000
INV028,P028,Momery Card,70,50,20,100,30,Normal,90000
INV029,P029,Power Bank,60,40,12,88,25,Normal,105600
INV030,P030,UPS,35,25,8,52,20,Normal,156000
INV031,P031,Power Adopter,70,50,30,90,30,Normal,63000
INV032,P032,Laptop Charger,50,40,20,70,25,Normal,70000
INV033,P033,Mobile Charger,100,80,35,145,40,Normal,72500
INV034,P034,Smart Watch,40,30,12,58,20,Normal,145000
INV035,P035,Fitness Band,45,35,15,65,20,Normal,97500
INV036,P036,Office Chair,30,20,5,45,15,Normal,180000
INV037,P037,Executive Chair,25,15,4,36,10,Normal,234000
INV038,P038,Visitor Chair,40,30,10,60,15,Normal,120000
INV039,P039,Computer Desk,25,20,7,38,10,Normal,247000
INV040,P040,Office Table,20,15,5,30,10,Normal,195000
INV041,P041,Conference Table,12,8,3,17,5,Normal,119000
INV042,P042,Filing Cabinate,20,15,6,29,10,Normal,116000
INV043,P043,Bookshelf,25,20,8,37,10,Normal,185000
INV044,P044,Storage rack,30,25,10,45,15,Normal,135000
INV045,P045,Pallet,100,80,30,150,40,Normal,75000
INV046,P046,Plastic Bin,100,60,25,135,40,Normal,81000
INV047,P047,Storage Box,80,70,30,120,40,Normal,72000
INV048,P048,Carton Box,200,150,50,300,80,Normal,30000
INV049,P049,Bubble Wrap,150,100,40,210,60,Normal,52500
INV050,P050,Packing Tape,180,120,50,250,70,Normal,87500
INV051,P051,Stretch Film,100,80,25,155,40,Normal,69750
INV052,P052,Barcode Scanner,35,25,8,52,15,Normal,260000
INV053,P053,Barcode Printer,25,20,5,40,10,Normal,280000
INV054,P054,Label Printer,30,20,8,42,15,Normal,150000
INV055,P055,Shipping Label,300,200,80,420,100,Normal,105000
INV056,P056,Thermal Paper Roll,250,150,60,340,80,Normal,102000
INV057,P057,Calculator,80,50,20,110,30,Normal,27500
INV058,P058,Stapler,100,80,30,150,40,Normal,15000
INV059,P059,Paper Punch,90,70,25,135,30,Normal,20250
INV060,P060,File Folder,150,100,40,210,60,Normal,42000
INV061,P061,A4 Paper,200,150,50,300,80,Normal,75000
INV062,P062,Notebook,150,100,40,210,60,Normal,16800
INV063,P063,Pen,300,200,100,400,100,Normal,8000
INV064,P064,Marker,200,150,80,270,70,Normal,13500
INV065,P065,Whiteboard,30,25,10,45,15,Normal,31500
INV066,P066,Whiteboard Maker,200,150,80,270,60,Normal,10800
INV067,P067,Printer Toner,40,30,12,58,15,Normal,104400
INV068,P068,Printer Cartridge,50,35,15,70,20,Normal,154000
INV069,P069,CCTV Camera,30,20,8,42,10,Normal,147000
INV070,P070,DVR System,20,15,5,30,10,Normal,240000
INV071,P071,CCTV Monitor,25,20,6,39,10,Normal,273000
INV072,P072,Access Control System,15,10,3,22,5,Normal,165000
INV073,P073,Biometric Machine,20,15,5,30,8,Normal,105000
INV074,P074,Fire Extinguisher,40,30,10,60,15,Normal,48000
INV075,P075,Safe Helmet,100,80,30,150,40,Normal,180000
INV076,P076,Safety Gloves,200,150,70,280,80,Normal,252000
INV077,P077,Safety Shoes,80,60,20,120,30,Normal,144000
INV078,P078,Reflective Jacket,100,70,30,140,40,Normal,140000
INV079,P079,Hand Trolley,25,20,6,39,10,Normal,136500
INV080,P080,Platform Trolley,15,10,4,21,8,Normal,105000
INV081,P081,Hand Pallet Truck,12,8,3,17,5,Normal,340000
INV082,P082,Forklift,5,3,1,7,2,Normal,180000
INV083,P083,Conveyor Belt,10,8,2,16,4,Normal,72000
INV084,P084,Weighing Scale,25,15,5,35,10,Normal,175000
INV085,P085,Digital Weighing Machine,20,15,5,30,8,Normal,225000
INV086,P086,Packing Machine,10,8,3,15,5,Normal,52500
INV087,P087,Strapping Machine,8,6,2,12,4,Normal,216000
INV088,P088,Hand Truck,20,15,5,30,8,Normal,120000
INV089,P089,Ladder,25,15,8,32,10,Normal,224000
INV090,P090,Cleaning Machine,12,8,3,17,5,Normal,204000
INV091,P091,Air Conditioner,15,10,4,21,5,Normal,37800
INV092,P092,Electric Fan,30,20,8,42,10,Normal,87500
INV093,P093,LED Light,100,80,30,150,40,Normal,210000
INV094,P094,Generator,8,5,2,11,3,Normal,165000
INV095,P095,Inverter,15,10,4,21,5,Normal,75000
INV096,P096,Water Dispenser,12,8,3,17,5,Normal,119000
INV097,P097,Refrigerator,10,6,2,14,3,Normal,140000
INV098,P098,Microwave Oven,15,10,4,21,5,Normal,126000
INV099,P099,Coffee Machine,12,8,3,17,4,Normal,63750
INV100,P100,First Aid Kit,50,40,15,75,20,Normal,37500
