Purchase_ID,Date,Supplier_ID,Product_ID,Qty,Unit_Cost,Total_Cost,Expected_Date,Actual_Date,Status
PUR001,2026-01-05,SUP001,P001,25,45000,"11,25,000",2026-01-12,2026-01-11,On Time
PUR002,2026-01-07,SUP002,P002,40,18000,"7,20,000",2026-01-17,2026-01-18,Delayed
PUR003,2026-01-09,SUP003,P003,80,700,"56,000",2026-01-17,2026-01-16,On Time
PUR004,2026-01-11,SUP004,P004,100,400,"40,000",2026-01-23,2026-01-24,Delayed
PUR005,2026-01-13,SUP005,P005,30,9000,"2,70,000",2026-01-22,2026-01-21,On Time
PUR006,2026-01-15,SUP006,P006,20,7000,"1,40,000",2026-01-29,2026-01-29,On Time
PUR007,2026-01-18,SUP007,P007,50,1200,"60,000",2026-01-27,2026-01-29,Delayed
PUR008,2026-01-20,SUP008,P008,35,1800,"63,000",2026-01-31,2026-01-30,On Time
PUR009,2026-01-22,SUP009,P009,25,4500,"1,12,500",2026-02-03,2026-02-04,Delayed
PUR010,2026-01-25,SUP010,P010,15,6500,"97,500",2026-02-08,2026-02-07,On Time
PUR011,2026-01-28,SUP011,P011,45,1800,"81,000",2026-02-04,2026-02-04,On Time
PUR012,2026-01-30,SUP012,P012,30,3000,"90,000",2026-02-09,2026-02-10,Delayed
PUR013,2026-02-02,SUP013,P013,60,1500,"90,000",2026-02-10,2026-02-09,On Time
PUR014,2026-02-04,SUP014,P014,40,1800,"72,000",2026-02-16,2026-02-18,Delayed
PUR015,2026-02-06,SUP015,P015,50,1200,"60,000",2026-02-16,2026-02-15,On Time
PUR016,2026-02-09,SUP016,P016,70,600,"42,000",2026-02-19,2026-02-19,On Time
PUR017,2026-02-11,SUP017,P017,25,2500,"62,500",2026-02-18,2026-02-20,Delayed
PUR018,2026-02-13,SUP018,P018,30,1800,"54,000",2026-02-23,2026-02-22,On Time
PUR019,2026-02-16,SUP019,P019,20,2500,"50,000",2026-02-26,2026-02-27,Delayed
PUR020,2026-02-18,SUP020,P020,35,3000,"1,05,000",2026-03-02,2026-03-01,On Time
PUR021,2026-02-21,SUP021,P021,100,300,"30,000",2026-03-01,2026-03-01,On Time
PUR022,2026-02-23,SUP022,P022,80,500,"40,000",2026-03-05,2026-03-07,Delayed
PUR023,2026-02-25,SUP023,P023,100,700,"70,000",2026-03-04,2026-03-03,On Time
PUR024,2026-02-27,SUP024,P024,60,800,"48,000",2026-03-07,2026-03-08,Delayed
PUR025,2026-03-02,SUP025,P025,25,4500,"1,12,500",2026-03-11,2026-03-10,On Time
PUR026,2026-03-04,SUP026,P026,40,3500,"1,40,000",2026-03-14,2026-03-16,Delayed
PUR027,2026-03-06,SUP027,P027,30,6000,"1,80,000",2026-03-14,2026-03-13,On Time
PUR028,2026-03-09,SUP028,P028,70,900,"63,000",2026-03-17,2026-03-17,On Time
PUR029,2026-03-11,SUP029,P029,40,1200,"48,000",2026-03-20,2026-03-22,Delayed
PUR030,2026-03-13,SUP030,P030,25,3000,"75,000",2026-03-21,2026-03-20,On Time
PUR031,2026-03-16,SUP031,P031,100,600,"60,000",2026-03-22,2026-03-22,On Time
PUR032,2026-03-18,SUP032,P032,50,1000,"50,000",2026-03-26,2026-03-28,Delayed
PUR033,2026-03-20,SUP033,P033,80,700,"56,000",2026-03-28,2026-03-27,On Time
PUR034,2026-03-23,SUP034,P034,30,2500,"75,000",2026-04-01,2026-04-02,Delayed
PUR035,2026-03-25,SUP035,P035,40,1500,"60,000",2026-04-03,2026-04-02,On Time
PUR036,2026-03-27,SUP036,P036,20,4500,"90,000",2026-04-08,2026-04-09,Delayed
PUR037,2026-03-30,SUP037,P037,15,6500,"97,500",2026-04-06,2026-04-05,On Time
PUR038,2026-04-02,SUP038,P038,25,3000,"75,000",2026-04-10,2026-04-10,On Time
PUR039,2026-04-04,SUP039,P039,30,4500,"1,35,000",2026-04-12,2026-04-14,Delayed
PUR040,2026-04-06,SUP040,P040,20,6500,"1,30,000",2026-04-14,2026-04-13,On Time
PUR041,2026-04-09,SUP041,P041,15,7000,"1,05,000",2026-04-21,2026-04-22,Delayed
PUR042,2026-04-11,SUP042,P042,25,8000,"2,00,000",2026-04-20,2026-04-19,On Time
PUR043,2026-04-14,SUP043,P043,30,5000,"1,50,000",2026-04-24,2026-04-26,Delayed
PUR044,2026-04-16,SUP044,P044,40,3000,"1,20,000",2026-04-28,2026-04-27,On Time
PUR045,2026-04-18,SUP045,P045,100,500,"50,000",2026-04-30,2026-04-30,On Time
PUR046,2026-04-21,SUP046,P046,80,800,"64,000",2026-04-30,2026-05-02,Delayed
PUR047,2026-04-23,SUP047,P047,60,600,"36,000",2026-05-01,2026-04-30,On Time
PUR048,2026-04-25,SUP048,P048,100,100,"10,000",2026-05-03,2026-05-04,Delayed
PUR049,2026-04-28,SUP049,P049,70,250,"17,500",2026-05-06,2026-05-05,On Time
PUR050,2026-04-30,SUP050,P050,50,350,"17,500",2026-05-09,2026-05-09,On Time
PUR051,2026-05-03,SUP051,P051,20,4500,"90,000",2026-05-17,2026-05-18,Delayed
PUR052,2026-05-05,SUP052,P052,25,6500,"1,62,500",2026-05-19,2026-05-18,On Time
PUR053,2026-05-07,SUP053,P053,15,7000,"1,05,000",2026-05-21,2026-05-23,Delayed
PUR054,2026-05-09,SUP054,P054,30,5000,"1,50,000",2026-05-23,2026-05-22,On Time
PUR055,2026-05-12,SUP055,P055,20,4500,"90,000",2026-05-21,2026-05-21,On Time
PUR056,2026-05-14,SUP056,P056,40,3500,"1,40,000",2026-05-28,2026-05-30,Delayed
PUR057,2026-05-16,SUP057,P057,50,300,"15,000",2026-05-30,2026-05-29,On Time
PUR058,2026-05-19,SUP058,P058,100,100,"10,000",2026-06-03,2026-06-03,On Time
PUR059,2026-05-21,SUP059,P059,70,150,"10,500",2026-06-04,2026-06-06,Delayed
PUR060,2026-05-23,SUP060,P060,80,200,"16,000",2026-06-06,2026-06-05,On Time
PUR061,2026-05-26,SUP061,P061,100,250,"25,000",2026-06-09,2026-06-09,On Time
PUR062,2026-05-28,SUP062,P062,100,80,"8,000",2026-06-09,2026-06-11,Delayed
PUR063,2026-05-30,SUP063,P063,200,20,"4,000",2026-06-11,2026-06-10,On Time
PUR064,2026-06-02,SUP064,P064,100,50,"5,000",2026-06-14,2026-06-14,On Time
PUR065,2026-06-04,SUP065,P065,20,700,"14,000",2026-06-13,2026-06-15,Delayed
PUR066,2026-06-06,SUP066,P066,100,40,"4,000",2026-06-16,2026-06-15,On Time
PUR067,2026-06-09,SUP067,P067,25,1800,"45,000",2026-06-17,2026-06-17,On Time
PUR068,2026-06-11,SUP068,P068,30,2200,"66,000",2026-06-23,2026-06-25,Delayed
PUR069,2026-06-13,SUP069,P069,20,3500,"70,000",2026-06-22,2026-06-21,On Time
PUR070,2026-06-15,SUP070,P070,10,8000,"80,000",2026-06-25,2026-06-25,On Time
PUR071,2026-06-18,SUP071,P071,25,4500,"1,12,500",2026-06-27,2026-06-29,Delayed
PUR072,2026-06-20,SUP072,P072,20,6000,"1,20,000",2026-07-04,2026-07-03,On Time
PUR073,2026-06-22,SUP073,P073,30,3500,"1,05,000",2026-07-05,2026-07-05,On Time
PUR074,2026-06-25,SUP074,P074,20,2500,"50,000",2026-07-09,2026-07-11,Delayed
PUR075,2026-06-27,SUP075,P075,50,1200,"60,000",2026-07-07,2026-07-06,On Time
PUR076,2026-06-29,SUP076,P076,30,1500,"45,000",2026-07-08,2026-07-08,On Time
PUR077,2026-07-02,SUP077,P077,40,1800,"72,000",2026-07-10,2026-07-12,Delayed
PUR078,2026-07-04,SUP078,P078,50,1000,"50,000",2026-07-14,2026-07-13,On Time
PUR079,2026-07-06,SUP079,P079,15,2500,"37,500",2026-07-20,2026-07-20,On Time
PUR080,2026-07-09,SUP080,P080,10,4000,"40,000",2026-07-23,2026-07-25,Delayed
PUR081,2026-07-11,SUP081,P081,15,25000,"3,75,000",2026-07-17,2026-07-16,On Time
PUR082,2026-07-13,SUP082,P082,10,18000,"1,80,000",2026-07-23,2026-07-24,Delayed
PUR083,2026-07-16,SUP083,P083,20,3500,"70,000",2026-07-26,2026-07-25,On Time
PUR084,2026-07-18,SUP084,P084,8,35000,"2,80,000",2026-07-25,2026-07-25,On Time
PUR085,2026-07-20,SUP085,P085,15,12000,"1,80,000",2026-07-29,2026-07-31,Delayed
PUR086,2026-07-22,SUP086,P086,25,5000,"1,25,000",2026-07-31,2026-07-30,On Time
PUR087,2026-07-24,SUP087,P087,20,15000,"3,00,000",2026-07-30,2026-07-30,On Time
PUR088,2026-07-27,SUP088,P088,30,3000,"90,000",2026-08-04,2026-08-06,Delayed
PUR089,2026-07-29,SUP089,P089,15,7000,"1,05,000",2026-08-09,2026-08-08,On Time
PUR090,2026-07-31,SUP090,P090,10,12000,"1,20,000",2026-08-14,2026-08-14,On Time
PUR091,2026-08-03,SUP091,P091,25,1800,"45,000",2026-08-10,2026-08-11,Delayed
PUR092,2026-08-05,SUP092,P092,30,2500,"75,000",2026-08-14,2026-08-13,On Time
PUR093,2026-08-07,SUP093,P093,20,3500,"70,000",2026-08-17,2026-08-18,Delayed
PUR094,2026-08-09,SUP094,P094,10,15000,"1,50,000",2026-08-21,2026-08-20,On Time
PUR095,2026-08-11,SUP095,P095,20,5000,"1,00,000",2026-08-23,2026-08-23,On Time
PUR096,2026-08-13,SUP096,P096,15,7000,"1,05,000",2026-08-22,2026-08-24,Delayed
PUR097,2026-08-15,SUP097,P097,10,18000,"1,80,000",2026-08-22,2026-08-21,On Time
PUR098,2026-08-16,SUP098,P098,20,9000,"1,80,000",2026-08-28,2026-08-28,On Time
PUR099,2026-08-17,SUP099,P099,25,3500,"87,500",2026-08-24,2026-08-26,Delayed
PUR100,2026-08-18,SUP100,P100,30,500,"15,000",2026-08-28,2026-08-27,On Time
